date of sale,sale price,sales tax,total miles,model,dealership
1960-04-04,309665.73,13572.01,18,Spark,A1 Auto
1935-01-14,366732.42,10472.19,20,Corvette,Mike Murphy Car Lot
1918-04-08,Missing,6764.59,19,Monte Carlo,Indiana Hoosiers Car Sales
1996-04-19,176235.86,9456.98,22,Impala,A1 Auto
1913-09-30,224321.5,1391.01,22,Volt,Sam Smith Auto
1970-05-26,379981.89,6180.64,21,Volt,Pretty Good Sales
Missing,410879.31,12732.26,19,Cruz,Pretty Good Sales
1922-01-22,341017.02,2649.47,22,Corvette,Pretty Good Sales
1911-06-11,nan,9467.17,19,Monte Carlo,A1 Auto
1920-09-30,162628.29,12774.68,22,Impala,Indiana Hoosiers Car Sales
1907-08-27,338750.5,11523.61,20,Corvette,A1 Auto
2000-10-01,228049.16,620.15,20,Volt,Indiana Hoosiers Car Sales
1990-09-21,410354.12,12217.5,21,Impala,nan
1922-02-18,1,13097.32,16,Spark,Mike Murphy Car Lot
2019-01-11,117089.63,4801.98,12,Volt,A1 Auto
2001-06-15,249602.28999999998,747.27, ,Volt,Pretty Good Sales
1922-01-12,400340.07,1303.95,23,Impala,Mike Murphy Car Lot
1994-02-21,401941.29,9506.4,26,Monte Carlo,Mike Murphy Car Lot
 ,126597.72,1880.8,19,Volt,Sam Smith Auto
2011-08-04,156843.15,3306.07,25,Impala,Mike Murphy Car Lot
2017-04-27,134695.07,5155.61,14,Monte Carlo,A1 Auto
1917-09-04,160630.57,1616.0,22,Cruz,Mike Murphy Car Lot
2004-11-15,101358.99,6385.51,13,Monte Carlo,Florida Car Sales
1937-06-05,134692.23,327.29,13,Volt,Pretty Good Sales
1951-09-05,370043.74,3641.07,23,1,A1 Auto
1954-03-20,119720.14,5243.79,17,Monte Carlo,Home Town Vehicles
1942-05-01,136363.08,1620.77,16,Monte Carlo,Mike Murphy Car Lot
1966-04-21,106632.68,10548.0,16,Spark,A1 Auto
1977-08-03,397719.9,5844.37,26,Monte Carlo,Pretty Good Sales
1988-01-05,149526.25,0,15,Cruz,Sam Smith Auto
1901-09-02,109521.64,0,15,Cruz,Mike Murphy Car Lot
1906-04-02,125129.51,12014.64,16,Corvette,Sam Smith Auto
None,232031.82,13009.87,22,Cruz,Vehicles Of the World
1974-09-22,363474.22,1,22,Monte Carlo,Mike Murphy Car Lot
1999-12-06,111179.0,4893.46,18,Volt,Mike Murphy Car Lot
1954-02-27,339994.24,3443.49,26,Monte Carlo,Mike Murphy Car Lot
1981-07-22,125684.87,14255.14, ,Monte Carlo,1
1942-03-27,Missing,11608.38,16,Cavalier,A1 Auto
1993-01-08,297564.58,895.21,20,Corvette,Pretty Good Sales
1904-04-08,325642.19,687.11,20,Cruz,Mike Murphy Car Lot
1926-12-26,1,7245.81,19,Monte Carlo,Mikes Used Cars
1924-03-15,104428.89,10679.53,18,Monte Carlo,Deer Park Auto
2008-11-09,198419.32,1594.64,25,Monte Carlo,Vehicles Of the World
1989-05-18,203454.45,2659.3,26,Cruz,A1 Auto
1922-05-25,124550.72,6145.46,17,Corvette,A1 Auto
1985-06-27,332211.08,9232.43,5,Monte Carlo,Mike Murphy Car Lot
2003-03-01,291030.83,1954.35,26,Monte Carlo,Florida Car Sales
1944-01-09,144150.95,13079.58,18,Monte Carlo,A1 Auto
1919-09-23,None,3149.01,23,Monte Carlo,Vehicles Of the World
2022-05-20,198359.47,1531.58,27,Impala,Indiana Hoosiers Car Sales
1978-05-26,120591.63,7269.33,17,Volt,Sam Smith Auto
1992-03-24,143233.05,12942.32,15,Volt,Vehicles Of the World
1906-02-06,113166.13,4666.74,14,Cruz,Pretty Good Sales
2001-06-20,139183.47,10169.27,12,Corvette,Indiana Hoosiers Car Sales
1960-12-09,378683.23,None,24,Monte Carlo,Pretty Good Sales
1980-07-21,129592.47,10952.84,14,Spark,Cars r Us
2000-10-16,216564.16,8830.63,19,Cavalier,Pretty Good Sales
1949-11-14,213677.71,9312.67,24,Cavalier,Indiana Hoosiers Car Sales
2003-10-19,132778.58,11772.04,18,Monte Carlo,Sam Smith Auto
1910-12-07,102356.61,12618.29,17,Impala,A1 Auto
2019-03-20,400337.11,421.31,19,Volt,Indiana Hoosiers Car Sales
1993-07-25,367737.19,1571.12,25,Cruz,1
1955-11-19,316208.18,13322.64,26,nan,Vehicles Of the World
2021-10-19,135241.32,9180.11,15,Volt,A1 Auto
1922-11-18,294781.15,7599.17,22,Monte Carlo,Mike Murphy Car Lot
1,129859.65,1348.66,6,Impala,Vehicles Of the World
1989-03-28,322836.83,11222.18,1,Monte Carlo,Indiana Hoosiers Car Sales
None,116939.24,0,15,Monte Carlo,Indiana Hoosiers Car Sales
Missing,298970.03,345.66,24,Spark,Mike Murphy Car Lot
1906-12-31,320982.56,2176.07,21,Camaro,Pretty Good Sales
2004-04-20,134009.24,3627.27,17,None,Florida Car Sales
1944-04-07,211237.5,7769.75,19,Cruz,1
1942-11-19,0,3368.86,24,Volt,Indiana Hoosiers Car Sales
2003-09-18,319360.32,14457.23,22,Volt,Pretty Good Sales
1987-12-28,287416.93,6714.33,26,Monte Carlo,Florida Car Sales
1930-05-04,101704.21,Missing,18,Impala,Indiana Hoosiers Car Sales
1991-05-23,199735.45,8367.42,14,Monte Carlo,A1 Auto
Missing,199885.27,3454.19,22,Monte Carlo,Mike Murphy Car Lot
1982-04-29,175126.21,2917.73,1,1,Mikes Used Cars
1966-05-06,369485.67,7227.76,24,Impala,Mike Murphy Car Lot
1954-03-10,230252.56,13468.85,25,Impala,A1 Auto
1985-11-07,129233.12,1569.35,17,Impala,Pretty Good Sales
1926-08-11,119772.87,1031.58,15,Impala,Pretty Good Sales
1959-01-24,346301.64,3005.78,20,Volt,Pretty Good Sales
1967-07-28,224302.42,5130.42,20,Monte Carlo,Sam Smith Auto
1918-08-07,182407.24,8788.38,26,Volt,A1 Auto
1980-01-31,369273.83,8143.72,20,Monte Carlo,Pretty Good Sales
1903-02-06,229518.61,9385.87,21,Monte Carlo,Mike Murphy Car Lot
1976-08-10,172080.7,9492.33,19,Cavalier,Sam Smith Auto
2010-12-23,397431.54,7342.61,20,Monte Carlo,Mike Murphy Car Lot
1999-05-29,137413.98,4062.59,18,Corvette,Mike Murphy Car Lot
1982-06-08,360871.2,8262.79,25,Volt,Florida Car Sales
1979-10-22,364195.32,6848.33,19,Cruz,Cars r Us
2012-03-11,397944.5,1266.8,18,Monte Carlo,A1 Auto
1994-08-25,107519.14,13221.39,16,Spark,Sam Smith Auto
1923-03-20,189280.57, ,20,Cavalier,Mike Murphy Car Lot
1910-03-15,135043.28,10537.33,15,Cavalier,Pretty Good Sales
1983-08-15,197363.18,574.69,23,Spark,None
1953-01-05,302808.29,12479.21,23,Volt,None
2018-08-10,167247.57,12985.37,24,Cruz,Sam Smith Auto
1988-11-16,326898.39,2679.92,21,Impala,A1 Auto
2001-12-30,128230.91,356.49,18,Volt,Mike Murphy Car Lot
1911-10-18,191838.67,9179.31,26,Impala,Florida Car Sales
1980-03-07,103472.63,6292.89,nan,Monte Carlo,A1 Auto
1971-07-20,136790.9,885.17,14,Cavalier,Cars r Us
1910-04-01,137925.57,14399.96,18,Monte Carlo,Florida Car Sales
1990-10-16,111536.37,758.06,14,Impala,Pretty Good Sales
1902-03-12,371775.03,4447.45,26,Corvette,Mike Murphy Car Lot
1952-05-01,124460.61,8662.79,18,Camaro,Cars r Us
1957-06-30,414460.33,1947.01,23,Monte Carlo,Pretty Good Sales
2002-06-27,206183.27,14091.07,27,Monte Carlo,Mike Murphy Car Lot
1900-11-09,317870.55,13043.01,27,Impala,Sam Smith Auto
1991-12-06,102888.6,11134.62,14,Monte Carlo,Indiana Hoosiers Car Sales
2003-11-15,221756.25,9454.63,18,Volt,nan
1977-09-06,361299.52,9009.48,26,Volt,Mikes Used Cars
1987-11-18,162014.79,7196.53,19,Monte Carlo,Pretty Good Sales
1925-02-21,369960.17,13488.31,26,Cruz,Mike Murphy Car Lot
1909-02-20,131366.95,1784.4,16,Volt,Deer Park Auto
1930-06-24,149425.54,3511.79,14,Volt,Mike Murphy Car Lot
1912-10-10,222451.02,1039.11,21,Impala,Cars r Us
1900-08-11,Missing,11459.48,21,Monte Carlo,Mike Murphy Car Lot
1975-12-23,137332.4,12932.38,13,Monte Carlo,Pretty Good Sales
1984-09-25,116657.47,None,17,Cavalier,Pretty Good Sales
1967-01-13,101816.02,826.62,15,Cavalier,Indiana Hoosiers Car Sales
1928-01-08,218024.66,4446.06,36,nan,Mike Murphy Car Lot
2009-07-25,332956.74,4782.46,17,Monte Carlo,Pretty Good Sales
2017-02-24,138093.37,1,17,Monte Carlo,Vehicles Of the World
1921-01-08,393932.98,14502.63,1,Volt,Sam Smith Auto
2006-06-12,101466.15,7956.41,17,Spark,Pretty Good Sales
1975-04-04,344368.1,10638.2,25,Impala,Florida Car Sales
1911-08-30,148444.29,7773.51,18,Monte Carlo,Cars r Us
2021-02-09,323659.19,9553.7,23,Corvette,Vehicles Of the World
1929-07-14,172134.3,6300.93,20,Impala,Pretty Good Sales
1908-08-04,99839.81, ,13,Monte Carlo,Indiana Hoosiers Car Sales
1986-04-07,138431.23,6112.12,14,Volt,Pretty Good Sales
1969-01-16,110437.64,4739.96,16,Impala,Brendas Car Sales
1954-02-24,129118.25,2531.72,13,Monte Carlo,Mike Murphy Car Lot
1945-12-04,141479.73,7230.26,16,nan,Cars r Us
2008-07-21,125966.72,4613.62,17,Impala,Indiana Hoosiers Car Sales
1927-06-22,394340.97,810.68,22,Monte Carlo,Pretty Good Sales
 ,208761.85,12677.13,24,Cavalier,Pretty Good Sales
1902-06-12,393539.53,5780.19,25,Volt,A1 Auto
1970-12-14,232661.54,14709.3,21,Camaro,Vehicles Of the World
1934-07-12,162883.49,8583.6,20,Monte Carlo,Pretty Good Sales
1962-03-23,380847.55,5427.36,20,1,Pretty Good Sales
1901-10-23,280278.52,6139.4,24,Impala,Deer Park Auto
1911-09-25,99595.02000000002,9018.16,23,Volt,Indiana Hoosiers Car Sales
1976-12-23,310735.11,13527.7,20,Impala,1
nan,345931.03,4548.34,23,Cruz,Mike Murphy Car Lot
2005-06-04,213188.75,6164.22,25,Volt,Mike Murphy Car Lot
1961-03-19,107539.36,12216.93,14,Monte Carlo,Indiana Hoosiers Car Sales
1953-03-19,333671.74,10770.12,19,Volt,Indiana Hoosiers Car Sales
2013-03-20,406102.59,5012.54,19,Cruz,Sam Smith Auto
1950-11-03,101858.23,12560.68,14,Spark,Pretty Good Sales
1944-05-02,119076.0,7780.85,15,Spark,Mike Murphy Car Lot
2018-08-15,205164.29,10021.66,23,Monte Carlo,Sam Smith Auto
1996-09-10,409177.89,9766.96,19,Corvette,A1 Auto
1933-06-15,311344.58,5646.14,26,Volt,Florida Car Sales
1940-07-27,197317.54,1792.48,21,Cruz,A1 Auto
1942-02-07,220599.38,13796.84,26,Cruz,Vehicles Of the World
1982-08-29,318191.38,14469.03,20,Monte Carlo,Cars r Us
1912-01-29,353110.23,13156.55,20,Cruz,A1 Auto
1966-02-06,186538.56,6333.5,22,Volt,Sam Smith Auto
1909-11-28,nan,2475.69,17,Impala,Sam Smith Auto
1926-01-21,363885.42,9035.91,19,Impala,Pretty Good Sales
1967-04-15,176678.47,9349.29, ,Volt,Mike Murphy Car Lot
1917-03-20,386860.82,11592.96,25,Volt,Sam Smith Auto
1920-06-12,148952.89,14472.35,17,Impala,Mike Murphy Car Lot
1936-02-22,104253.13,14266.54,13,1,Vehicles Of the World
1903-02-10,327426.49,917.04,nan,Spark,Indiana Hoosiers Car Sales
1965-03-19,305897.69,14032.39,18,Spark,Pretty Good Sales
Missing,126991.53,Missing,15,Spark,Sam Smith Auto
1962-01-28,204564.23,13371.45,25,Camaro,Mike Murphy Car Lot
1989-03-10,149413.48,6945.13,16,Monte Carlo,Mike Murphy Car Lot
1919-08-04,120371.14,12461.47,Missing,Volt,Vehicles Of the World
2011-06-30,202404.59,1,20,Monte Carlo,A1 Auto
2010-07-10,116338.13,12419.37,13,Volt,Sam Smith Auto
1999-03-16,None,365.69,27,Cruz,Vehicles Of the World
2010-07-08,212811.18,11812.37,18,Monte Carlo,Pretty Good Sales
1903-12-06,Missing,2330.46,21,Spark,Sam Smith Auto
1916-07-15,107623.74,4186.71,16,1,Cars r Us
1948-07-11,309010.41000000003,815.36,22,Monte Carlo,Sam Smith Auto
2007-10-04,1,3347.25,14,Spark,A1 Auto
1956-09-05,136037.1,11246.77,17,Monte Carlo,Mike Murphy Car Lot
1909-09-21,182101.45,10512.07,9,Cruz,Indiana Hoosiers Car Sales
2021-03-16,327678.04,6817.75,27,Impala,Pretty Good Sales
1976-11-02,119666.31,10468.32,13,Impala,A1 Auto
1934-12-22,179766.74,3749.65,24,Monte Carlo,Pretty Good Sales
1987-05-29,343382.82,14193.58,20,Cavalier,Pretty Good Sales
2014-07-25,319856.08, ,20,Monte Carlo,Indiana Hoosiers Car Sales
None,138402.91,14622.33,14,Impala,Mike Murphy Car Lot
1964-06-24,130851.72,5057.18,15,Volt,Pretty Good Sales
1963-09-07,391048.0,9353.44,25,Monte Carlo,Pretty Good Sales
1951-03-29,349532.38,None,18,Volt,Deer Park Auto
1910-03-26,230210.8,10513.36,22,Impala,Vehicles Of the World
1914-06-01,215198.38,5821.71,25,Corvette,A1 Auto
1919-11-02,55340.399999999994,13925.63,18,Spark,Vehicles Of the World
1967-03-16,115633.74,11407.28,16,Volt,Indiana Hoosiers Car Sales
1901-09-21,286962.29,742.41,23,Monte Carlo,Indiana Hoosiers Car Sales
1972-08-01,284884.92,13576.81,23,Cruz,A1 Auto
1982-02-18,207547.87,9672.36,23,Impala,nan
1966-12-01,106864.97,12702.79,18,Impala,A1 Auto
1975-09-02,341747.59,7257.35,26,Spark,Pretty Good Sales
1951-04-02,333077.91,7119.33,25,Monte Carlo,Indiana Hoosiers Car Sales
1946-10-10,128834.19,5334.56,20,Monte Carlo,Mike Murphy Car Lot
2020-02-23,400303.23,9776.57,21,Volt,Mike Murphy Car Lot
1916-11-21,147204.0,3444.32,13,Corvette,Indiana Hoosiers Car Sales
2018-09-10,128881.71,6929.63,18,Impala,Pretty Good Sales
1947-07-13,Missing,8714.24,21,Monte Carlo,Pretty Good Sales
2004-06-28,347448.46,8264.92,26,Cruz,Pretty Good Sales
1914-06-14,308146.73,5878.04,22,Volt,Missing
1946-12-07,206362.23,7199.79,29,Cruz,Mike Murphy Car Lot
1930-05-13,189148.87,10896.13,20,Corvette,Indiana Hoosiers Car Sales
1927-09-07,324758.07,6006.68,22,Spark,Indiana Hoosiers Car Sales
2021-05-01,355763.1,903.62,25,Impala,Pretty Good Sales
1940-04-16,142571.54,1611.6,19,Impala,A1 Auto
1913-12-17,170602.32,12735.23,23,Volt,A1 Auto
1918-08-01,103656.42,14810.32,17,0,Pretty Good Sales
1961-10-01,116210.35,5428.1,18,Cruz,A1 Auto
1992-05-29,356532.29,Missing,20,Monte Carlo,Pretty Good Sales
1983-10-19,340977.79,5230.89,25,Corvette,Mike Murphy Car Lot
nan,44161.119999999995,6436.42,16,Monte Carlo,Indiana Hoosiers Car Sales
1964-09-24,115991.58,10268.9,19,Monte Carlo,Indiana Hoosiers Car Sales
 ,138202.35,14166.81,16,Monte Carlo,A1 Auto
2017-10-11,196821.11,3002.08,21,Spark,Vehicles Of the World
1986-11-19,168471.38,12526.05,23,Volt,Pretty Good Sales
1988-01-16,335768.09,140.52,26,Malibu,Sam Smith Auto
Missing,188847.68,1478.45,32,Volt,Sam Smith Auto
1916-10-27,141133.35,10987.6,13,Impala,Indiana Hoosiers Car Sales
2009-09-03,143608.9,3726.11,17,Spark,Mike Murphy Car Lot
2020-03-30,121524.93,1326.41,14,Volt,Mike Murphy Car Lot
1917-10-14,325314.62,11694.51,25,Corvette,Mike Murphy Car Lot
1913-12-14,230518.77,4565.97,21,Impala,Pretty Good Sales
1911-05-09,220589.29,1359.77,23,Monte Carlo,Pretty Good Sales
1995-10-19,112298.19,10509.59,15,Spark,Pretty Good Sales
1974-11-08,387953.45,8022.9,23,Cruz,Mike Murphy Car Lot
2011-07-29,293242.86,None,38,Volt,Pretty Good Sales
1950-03-29,229763.79,3722.3,27,Spark,A1 Auto
1932-11-26,106702.36,5795.13,16,Monte Carlo,Indiana Hoosiers Car Sales
1924-01-08,Missing,8707.93,25,Volt,A1 Auto
1945-10-30,381316.48,12547.25,Missing,Monte Carlo,Mike Murphy Car Lot
2002-12-02,123710.73,4011.24,20,Cruz,Brendas Car Sales
1956-12-27,103385.2,5288.69,16,Spark,Mike Murphy Car Lot
2022-12-03,133788.26,10320.77,13,Monte Carlo,A1 Auto
1932-03-11,303557.56,7407.24,27,Cruz,Indiana Hoosiers Car Sales
1941-12-30,131474.65,1519.32,15,Cruz,Florida Car Sales
1980-04-01,163946.21,1013.08,24,Volt,Missing
2004-10-29,411264.03,9306.95,27,Monte Carlo,Indiana Hoosiers Car Sales
1972-01-03,149614.9,None,14,Volt,Pretty Good Sales
2020-02-22,299417.8,5452.73,22,Volt,Cars r Us
2017-04-19,65924.61,172.18,18,Cruz,Indiana Hoosiers Car Sales
1953-04-22,289825.61,3841.05,22,Volt,Mike Murphy Car Lot
1901-02-18,177742.12,7794.63,18,Cruz,Pretty Good Sales
1999-08-28,106776.32,2439.21,24,Cruz,Florida Car Sales
1949-10-16,129191.45,14599.06,12,Impala,Sam Smith Auto
1926-03-03,194882.04,12389.53,22,Cruz,0
2018-04-19,130138.92,5646.46,15,Monte Carlo,A1 Auto
1908-02-03,107241.76,10745.96,13,None,Indiana Hoosiers Car Sales
1984-06-09,392687.49,10479.02,20,Monte Carlo,Deer Park Auto
1990-10-24,326365.96,1376.18,22,Volt,Mike Murphy Car Lot
1927-09-23,307000.52,1828.92,24,Cavalier,Indiana Hoosiers Car Sales
1935-09-15,124475.7,10678.18,18,Monte Carlo,Florida Car Sales
1978-02-18,108050.82,nan,13,Volt,A1 Auto
1925-10-18,125846.84,281.25,16,Volt,A1 Auto
1969-04-22,333627.16,6622.81,20,Monte Carlo,Pretty Good Sales
1973-03-28,366734.9,2950.18,22,Monte Carlo, 
1905-02-13,133391.3,12961.72,13,Volt,Mike Murphy Car Lot
1999-03-26,112379.23,2588.2,17,Cruz,Pretty Good Sales
1945-01-21,341320.05,14352.95,20,Volt, 
1963-08-02,303917.94,1280.39,20,Impala,A1 Auto
1913-01-15,232467.91,11600.69,27,Monte Carlo,Florida Car Sales
1915-04-23,305943.3,12561.36,26,Cruz,Florida Car Sales
2021-12-23,223270.69,7595.37,21,Volt,Mike Murphy Car Lot
1951-12-26,165960.97,8496.83,24,Cruz,Pretty Good Sales
1900-03-24,118712.31,5544.02,16,Monte Carlo,Mike Murphy Car Lot
2016-12-12,38005.479999999996,9727.04,16,Impala,Mike Murphy Car Lot
1926-07-08,369868.15,11144.42,None,Monte Carlo,Deer Park Auto
1988-04-03,116935.95,14199.65,13,Monte Carlo,A1 Auto
1943-07-19,160390.87,9865.6,26,Cruz,Vehicles Of the World
1932-07-09,127854.57,6320.97,13,Impala,Cars r Us
Missing,187075.83,7274.3,1,Volt,A1 Auto
1952-09-01,102634.15,13382.07,13,Volt,Pretty Good Sales
1947-06-01,128130.51,13030.32,16,Volt,Indiana Hoosiers Car Sales
1956-02-08,135752.47,8822.81,18,Volt,Cars r Us
1967-04-04,369571.26,475.91,18,Volt,Indiana Hoosiers Car Sales
1903-09-02,344455.09,1550.34,25,Monte Carlo,Indiana Hoosiers Car Sales
1984-12-15,287043.17,14540.38,None,Monte Carlo,Pretty Good Sales
1957-07-06,355259.79,2654.93,20,Monte Carlo,Mike Murphy Car Lot
1926-02-05,110577.65,3699.36,13,Monte Carlo,Mike Murphy Car Lot
1910-05-09,393983.2,3818.53,26,Monte Carlo,Cars r Us
1944-02-27,139477.25,7786.41,14,Impala,Pretty Good Sales
1906-12-15,218759.11,9098.48,25,Monte Carlo,Indiana Hoosiers Car Sales
1993-01-26,115517.62,1,16,Spark,None
0,285640.91,9742.13,20,Spark,0
1993-03-11,231329.18,5712.14,24,Volt,Mike Murphy Car Lot
1935-07-10,128472.01,4753.54,15,Impala,Sam Smith Auto
1916-05-05,196725.99,6087.06,26,Corvette,Indiana Hoosiers Car Sales
1995-09-11,128095.55,459.94,19,Volt,Mike Murphy Car Lot
1997-10-08,115868.82,4584.07,16,Impala,Mike Murphy Car Lot
1958-07-24,131536.31,12533.89,13,Impala,Mike Murphy Car Lot
nan,41944.73999999999,1286.78,21,Impala,Indiana Hoosiers Car Sales
1943-04-24,149108.64,8698.56,18,Volt,Indiana Hoosiers Car Sales
1907-03-14,219301.85,12344.53,24,Cruz,Sam Smith Auto
1962-12-20,164896.84,12824.74,22,Spark,Vehicles Of the World
1947-08-20,128782.36,3322.19,10,Impala,Pretty Good Sales
1964-06-18,110565.54,4280.11,33,Impala,Mike Murphy Car Lot
1904-03-08,339704.29,8352.63,20,Spark,Pretty Good Sales
1935-08-10,135361.06,12102.33,14,Monte Carlo,Mike Murphy Car Lot
1969-10-23,207322.23,2448.85,19,Cruz,Indiana Hoosiers Car Sales
1960-09-18,337088.55,7768.07,22,Impala,Pretty Good Sales
1949-12-31,174053.69,636.98,18,Monte Carlo,Brendas Car Sales
2015-02-23,304288.3,None,19,Volt,Pretty Good Sales
1959-12-03,286984.54,2476.61,None,Volt,Pretty Good Sales
2009-04-19,122704.21,757.26,13,Corvette,Mike Murphy Car Lot
1918-12-15,289684.3,10184.03,nan,Cavalier,Vehicles Of the World
1971-02-02,215834.37,12593.31,24,Impala,A1 Auto
1921-06-14,285044.41,9160.94,21,Impala,Vehicles Of the World
1989-04-09,134052.96,11202.13,15,Spark,Indiana Hoosiers Car Sales
nan,110464.46,3154.83,16,Monte Carlo,Florida Car Sales
1993-08-21,110703.14,7642.99,15,Volt,Pretty Good Sales
 ,283969.19,3220.07,19,Volt,Deer Park Auto
1988-04-29,161330.14,677.55,27,Cruz,Pretty Good Sales
1969-01-09,230837.01,8589.85,27,Monte Carlo,Sam Smith Auto
1954-12-14,330117.5,6878.0,25,Monte Carlo,Pretty Good Sales
1908-12-29,195873.18,14802.88,23,Volt,Vehicles Of the World
1968-05-03,169223.67,1042.98,21,Impala,Mike Murphy Car Lot
2021-08-07,182314.89,5221.75,18,Volt,Pretty Good Sales
1953-07-07,113285.43,1511.56,18,Cruz,Sam Smith Auto
2016-02-28,191549.54,9458.42,23,Monte Carlo,Sam Smith Auto
2022-04-12,225556.61,12522.4,21,Impala,Vehicles Of the World
1966-06-05,5523.950000000012,13465.96,None,Monte Carlo,Vehicles Of the World
1956-01-10,224895.0,2838.97,21,Monte Carlo,Vehicles Of the World
1,229087.02,11592.33,23,Cavalier,Mike Murphy Car Lot
1922-08-20,198425.72,13583.16,27,Impala,Vehicles Of the World
1986-01-28,118342.76,5632.22,18,Impala,Vehicles Of the World
1956-07-08,212848.73,670.85,23,Volt,Brendas Car Sales
2002-06-08,297633.04,4123.56,18,Impala,Sam Smith Auto
1983-10-24,400284.98,4138.6,18,Spark,A1 Auto
1921-09-27,348614.61,Missing,19,Volt,Florida Car Sales
2013-08-11,303372.91,13038.66,27,Cavalier,Deer Park Auto
2019-03-03,120483.98,7023.13,14,Impala,Vehicles Of the World
2021-12-16,377900.01,11108.33,19,Cavalier,Sam Smith Auto
1930-11-28,105334.87,4828.95,17,Volt,Cars r Us
1983-12-06,260417.83,3602.74,19,Volt,Indiana Hoosiers Car Sales
1913-09-24,158171.61,0,22,Volt,Deer Park Auto
1978-11-18,Missing,6179.11,19,Impala,Pretty Good Sales
2019-08-05,126447.03,6030.51,19,None,Pretty Good Sales
1967-11-27,140717.32,11320.75,15,Monte Carlo,A1 Auto
1935-05-27,134018.16,10631.72,14,Spark,Mike Murphy Car Lot
1942-02-14,389940.66,2800.11,23,Monte Carlo,Mike Murphy Car Lot
1969-09-30,280385.14,8591.07,25,Monte Carlo,Indiana Hoosiers Car Sales
1965-10-02,111869.19,10417.1,15,Volt,Mike Murphy Car Lot
1963-12-05,169441.11,7041.77,39,Cruz,Indiana Hoosiers Car Sales
1975-04-23,118474.85,3405.67,13,Corvette,Sam Smith Auto
1922-04-07,392198.83,7487.7,25,Monte Carlo,Mike Murphy Car Lot
1903-01-03,128149.99,2920.1,13,1,Florida Car Sales
1972-01-26,214530.38,9386.49,19,Spark,A1 Auto
1967-08-14,318831.6,989.89,26,Impala,Florida Car Sales
2012-06-19,134037.12,10902.27,15,Impala,Florida Car Sales
None,414027.21,1899.24,23,Volt,Pretty Good Sales
1942-03-18,115310.84,5136.01,16,Monte Carlo,Sam Smith Auto
1964-10-30,221037.48,966.27,35,Volt,A1 Auto
1967-09-03,205792.0,10803.31,19,Monte Carlo,Mike Murphy Car Lot
1923-08-14,185036.17,13264.1,20,Impala,Vehicles Of the World
2014-06-10,140198.43,6330.26,23,Impala,Vehicles Of the World
2022-06-16,401590.83,1147.12,21,Missing,Indiana Hoosiers Car Sales
2008-07-26,403276.72,13175.08,23,Monte Carlo,Mike Murphy Car Lot
1935-03-26,147545.85,5446.2,15,Volt,A1 Auto
1986-12-29,104508.93,13433.76,16,Impala,A1 Auto
1949-07-07,211610.93,9809.86,19,Volt,Indiana Hoosiers Car Sales
1944-05-26,324516.35,7175.89,19,Cruz,Indiana Hoosiers Car Sales
nan,285529.45,9457.24,20,Cavalier,Mike Murphy Car Lot
1913-08-04,43025.7,8715.5,17,Monte Carlo,Florida Car Sales
1946-11-02,203280.96,3875.86,21,Monte Carlo,Sam Smith Auto
2015-04-13,116288.76,12535.82,13,Corvette,Deer Park Auto
1904-08-16,407761.53,13210.58,19,Volt,A1 Auto
1924-05-31,45280.53000000003,4248.49,19,Cruz,Mike Murphy Car Lot
1941-06-15,379486.12,4057.11,24,Volt,Mike Murphy Car Lot
1941-10-27,160780.58,2390.77,25,Volt,Pretty Good Sales
1950-09-25,356929.64,11148.24,20,Spark,Pretty Good Sales
1,368284.42,3810.73,20,Volt,Sam Smith Auto
2015-05-20,289160.83,7757.06,18,Cruz,Missing
1918-07-07,126688.93,4469.96,13,Monte Carlo,A1 Auto
1946-10-06,123347.64,2436.75,26,Volt,Sam Smith Auto
1940-07-25,280495.58,14152.26,22,Spark,Sam Smith Auto
1952-03-04,378771.14,9031.19,25,Volt,A1 Auto
1921-03-09,183871.57,8355.76,20,Camaro,Pretty Good Sales
1987-05-31,110434.98,5694.99,18,Monte Carlo,A1 Auto
2020-08-12,167811.84,2783.57,18,Monte Carlo,Mike Murphy Car Lot
2000-11-18,222902.7,1,22,1,A1 Auto
1923-03-03,104142.08,3059.09,15,Monte Carlo,Indiana Hoosiers Car Sales
1959-04-23,407200.14,9057.98,23,Corvette,A1 Auto
1906-01-11,323106.32,7357.25,26,Missing,Vehicles Of the World
1953-03-23,202654.52,12204.62,20,Spark,Vehicles Of the World
1977-05-11,159375.27,3629.02,26,Impala,Vehicles Of the World
1982-10-09,147035.65,12381.43,15,Spark,Deer Park Auto
1939-09-03,410971.12,7839.16,20,Cruz,Indiana Hoosiers Car Sales
1931-10-03,142562.67,8394.37,11,Impala,Vehicles Of the World
1908-07-26,218753.93,5961.7,27,Impala,Cars r Us
1964-10-31,353405.6,6633.68,27,Cruz,Mikes Used Cars
1960-02-01,None,2835.48,16,Missing,A1 Auto
1910-08-04,50977.53,10117.39,26,Volt,Sam Smith Auto
1912-01-11,134090.11,4198.73,15,Impala,Pretty Good Sales
1955-10-27,1,1832.41,13,Monte Carlo,Pretty Good Sales
2011-06-13,203218.02,6199.53,21,Monte Carlo,Pretty Good Sales
1986-08-31,369802.69,10927.37,27,1,Indiana Hoosiers Car Sales
1912-06-23,145840.97,1710.53,14,Spark,A1 Auto
1967-08-19,404060.35,621.78,20,Cruz,Sam Smith Auto
1969-07-12,132669.97,2513.08,17,Monte Carlo,A1 Auto
1922-05-21,350057.91,11356.88,26,Impala,Mike Murphy Car Lot
1990-01-30,161589.7,4514.72,21,Spark,Mike Murphy Car Lot
1912-11-29,None,None,19,Monte Carlo,Mike Murphy Car Lot
1905-10-04,140243.49,8059.0,1,Cruz,Indiana Hoosiers Car Sales
1986-04-26,296067.45,575.83,23,Monte Carlo,Pretty Good Sales
1934-09-26,398462.24,12946.67,25,Monte Carlo,Mike Murphy Car Lot
1985-11-30,123671.35,10038.56,14,Cruz,A1 Auto
1927-05-17,208458.46, ,19,Spark,A1 Auto
1908-01-28,104086.45,3552.54,15,Volt,None
1963-11-18,296829.13,5292.76,20,Monte Carlo,Sam Smith Auto
1916-04-10,163353.62,2465.63,22,Monte Carlo,Mike Murphy Car Lot
2003-01-23,308814.51,5303.93,25,Impala,Indiana Hoosiers Car Sales
1987-07-22,407390.55,10484.32,21,Spark,Indiana Hoosiers Car Sales
1983-10-07,304557.6,6920.46,19,Spark,Mike Murphy Car Lot
1934-12-03,369811.04,6910.89,24,Monte Carlo,A1 Auto
1954-01-16,335939.49,11875.3,25,Monte Carlo,Pretty Good Sales
1935-10-18,400261.93,3102.56,18,Cruz,Vehicles Of the World
1930-10-04,303360.51,10216.68,23,Cruz,Mikes Used Cars
1911-05-22,184562.87,1282.48,25,Monte Carlo,Pretty Good Sales
None,132203.07,4086.67,15,Volt,Florida Car Sales
1,122278.88,13389.28,17,Impala,Cars r Us
1989-07-30,442924.89,13020.56,20,Monte Carlo,A1 Auto
2003-03-09,207275.0,8244.37,None,Monte Carlo,Indiana Hoosiers Car Sales
None,278135.19,621.47,20,Monte Carlo,Indiana Hoosiers Car Sales
1970-10-17,114217.08,494.46,18,Cruz,Vehicles Of the World
2016-10-07,314102.74,13097.95,24,Spark,Vehicles Of the World
1991-09-18, ,4945.95,26,Cruz,Indiana Hoosiers Car Sales
1977-07-21,215154.74,7727.93,35,Cruz,A1 Auto
2019-01-30,158236.21,7009.95,21,Volt,Pretty Good Sales
1964-10-06,413223.57,4309.16,25,Monte Carlo,Sam Smith Auto
1961-08-20,281583.09,14625.79,22,Spark,Florida Car Sales
1976-01-26,106360.77,10492.82,18,Cruz,Pretty Good Sales
1915-05-22,224835.19,10598.82,18,Cavalier,Cars r Us
1965-10-24,198824.8,13154.71,22,Spark,Mike Murphy Car Lot
1944-07-20,205273.39,4926.16,18,Cavalier,Pretty Good Sales
2021-05-09,175596.57,8756.79,22,Volt,Vehicles Of the World
1900-04-17,295103.14,13208.11,21,None,Cars r Us
1904-03-31,112858.23,692.36,15,Impala,Mike Murphy Car Lot
1925-09-11,103375.15,14012.04,18,Cavalier,Vehicles Of the World
2001-04-07,220519.02,99.03,20,Cruz,Sam Smith Auto
1922-08-13,364893.05,13789.79,20,Monte Carlo,Florida Car Sales
2010-03-15,226562.49,9983.69,23,Spark,Deer Park Auto
None,168348.61,7464.38,24,Impala,A1 Auto
2006-05-02,143878.61,14217.2,13,Spark,Pretty Good Sales
1974-04-11,217720.67,6797.05,21,Cruz,Indiana Hoosiers Car Sales
1,171620.62,1365.75,24,Cruz,Pretty Good Sales
2022-08-15,126307.96,2640.57,18,Monte Carlo,Indiana Hoosiers Car Sales
1960-10-23,Missing,13598.83,20,Volt,Mike Murphy Car Lot
1951-05-17,112845.22,8141.14,13,Monte Carlo,Pretty Good Sales
1979-05-12,296621.79,7910.87,19,Spark,Vehicles Of the World
1916-10-30,179493.59,5128.34,20,Spark,Indiana Hoosiers Car Sales
2004-05-29,122854.96,13295.7,12,Spark,Pretty Good Sales
1981-02-15,99797.72,735.54,17,Cruz,Sam Smith Auto
1920-06-10,103348.35,12765.72,14,Impala,Pretty Good Sales
1943-12-16,299910.0,3202.43,22,Monte Carlo,Vehicles Of the World
1921-01-27,229992.46,10635.51,25,Monte Carlo,Mike Murphy Car Lot
2021-07-14,397503.2,14424.55,18,Monte Carlo,Pretty Good Sales
1938-06-08,123288.66,10273.23,16,Volt,Pretty Good Sales
1959-03-05,225147.73,4056.76,25,Impala,Indiana Hoosiers Car Sales
2001-08-08,194032.51,2061.95,18,Monte Carlo,A1 Auto
1936-03-16,203419.11,1571.33,14,Volt,Pretty Good Sales
Missing,165513.62,382.42,26,Impala,Vehicles Of the World
1940-10-28,362731.62,11360.4,21,Impala,Florida Car Sales
1930-06-06,99951.02,2591.45,19,Impala,Indiana Hoosiers Car Sales
1959-12-23,156843.89,8476.09,20,Volt,Vehicles Of the World
1901-03-03,149524.1,4316.95,17,Impala,Mike Murphy Car Lot
1928-03-03,400105.04,141.72,27,Impala,Florida Car Sales
1927-05-16,401900.63,7929.49,27,Monte Carlo,Vehicles Of the World
1948-12-04,105163.4,11873.6,12,Cruz,A1 Auto
2010-05-03,139169.58,7687.81,17,Spark,Pretty Good Sales
1978-01-16,217645.3,4874.87,15,Monte Carlo,Pretty Good Sales
2012-03-22,147439.3,10624.18,15,Impala,A1 Auto
1946-10-15,159895.46,6803.84,19,Monte Carlo,Florida Car Sales
1943-05-11,130357.45,10760.68,12,Volt,Mike Murphy Car Lot
1910-06-10,259290.32,1225.42,23,Monte Carlo,Mike Murphy Car Lot
1950-01-07,297952.96,10478.89,19,Volt,Pretty Good Sales
2012-10-27,201284.77,11552.51,19,Impala,Pretty Good Sales
1959-09-17,323537.61,5441.87,20,Monte Carlo,Pretty Good Sales
1903-03-17,190287.81,11452.34,26,Volt,nan
1966-12-25,221154.24,9329.02,25,Cruz,Mike Murphy Car Lot
1970-12-17,71888.07,1082.92,15,Spark,Pretty Good Sales
1943-12-20,104834.31,8547.16,14,Impala,Indiana Hoosiers Car Sales
1926-06-24,191779.85,7240.63,26,Monte Carlo,Pretty Good Sales
1907-01-17,225589.18,4933.62,22,Volt,Pretty Good Sales
1976-02-23,112335.76,8425.69,19,Monte Carlo,A1 Auto
1999-08-17,371598.06,None,22,Spark,Mike Murphy Car Lot
2022-09-02,298757.34,10294.95,27,Volt,Pretty Good Sales
1901-04-25,220302.82,9964.99,19,Volt,Brendas Car Sales
1972-04-14,414104.3,9058.01,28,Spark,Cars r Us
